annee;taux_chomage_national_pct;taux_chomage_urbain_pct;taux_chomage_rural_pct;taux_chomage_jeunes_15_24_pct;taux_chomage_diplomes_pct;nombre_chomeurs_milliers;taux_activite_pct;taux_sous_emploi_pct;source_url
2010;9.1;;;;;;;;https://fr.statista.com/statistiques/794574/taux-de-chomage-maroc
2011;8.9;;;;;;;;https://fr.statista.com/statistiques/794574/taux-de-chomage-maroc
2012;9.0;;;;;;;;https://fr.statista.com/statistiques/794574/taux-de-chomage-maroc
2013;9.2;;;;;;;;https://fr.statista.com/statistiques/794574/taux-de-chomage-maroc
2014;9.9;;;;;;;;https://fr.statista.com/statistiques/794574/taux-de-chomage-maroc
2015;9.7;;;;;;;;https://fr.statista.com/statistiques/794574/taux-de-chomage-maroc
2016;9.4;;;;;;;;https://fr.statista.com/statistiques/794574/taux-de-chomage-maroc
2017;10.2;;;;;;;;https://fr.statista.com/statistiques/794574/taux-de-chomage-maroc
2018;9.5;;;;;;;;https://fr.statista.com/statistiques/794574/taux-de-chomage-maroc
2019;9.2;;;;;1107;;9.2;https://www.bladi.net/taux-chomage-maroc-hausse-79384.html
2020;11.9;15.8;5.9;31.2;18.5;1429;44.8;10.7;https://www.bladi.net/taux-chomage-maroc-hausse-79384.html
2021;12.3;;;;;1508;;;https://www.fnh.ma/article/actualite-economique/chomage-maroc-hcp-2023
2022;11.8;15.8;5.2;32.7;18.6;1442;44.3;9.0;https://www.fnh.ma/article/actualite-economique/chomage-maroc-hcp-2023
2023;13.0;16.8;6.3;;19.6;1580;43.6;;https://www.lavieeco.com/?p=340289
2024;13.3;16.9;6.8;36.7;19.6;1638;43.5;10.1;https://www.hcp.ma/Situation-du-marche-du-travail-en-2024_a4059.html
2025;13.0;16.4;6.6;37.2;19.1;1621;43.5;10.9;https://www.hcp.ma/Situation-du-marche-du-travail-en-2025_a4248.html
